{
  "os": "Windows-10-10.0.19045-SP0",
  "python": "CPython 3.12.7",
  "startedAt": "2025-11-12T18:40:33.106059Z",
  "program": "C:\\Users\\Dell\\Desktop\\Senior2\\RL\\assignments\\ass2\\upload_to_wandb.py",
  "codePath": "upload_to_wandb.py",
  "codePathLocal": "upload_to_wandb.py",
  "email": "mohamed.eltoukhy04@eng-st.cu.edu.eg",
  "root": "C:\\Users\\Dell\\Desktop\\Senior2\\RL\\assignments\\ass2",
  "host": "DESKTOP-R2R1G5D",
  "executable": "C:\\Users\\Dell\\AppData\\Local\\Programs\\Python\\Python312\\python.exe",
  "writerId": "lz6rmdhzcrvnrgnjqnl0hwv7lidilfww"
}