{
  "os": "Windows-10-10.0.19045-SP0",
  "python": "CPython 3.12.7",
  "startedAt": "2025-11-12T17:54:09.577026Z",
  "program": "C:\\Users\\Dell\\Desktop\\Senior2\\RL\\assignments\\ass2\\wandb_quickstart.py",
  "codePath": "wandb_quickstart.py",
  "codePathLocal": "wandb_quickstart.py",
  "email": "mohamed.eltoukhy04@eng-st.cu.edu.eg",
  "root": "C:\\Users\\Dell\\Desktop\\Senior2\\RL\\assignments\\ass2",
  "host": "DESKTOP-R2R1G5D",
  "executable": "C:\\Users\\Dell\\AppData\\Local\\Programs\\Python\\Python312\\python.exe",
  "writerId": "m7tvv90ndgb5j4siqtinyiwiuq1uo9lc"
}